{"cameraMode":{"drawMode":0,"name":"Shaded","section":"Shading Mode"},"sceneLighting":false,"audioPlay":false,"sceneViewState":{"showFog":true,"showMaterialUpdate":false,"showSkybox":false,"showFlares":true,"showImageEffects":true,"showParticleSystems":true},"in2DMode":false,"pivot":{"x":106.65750122070313,"y":76.17249298095703,"z":0.0},"rotation":{"x":-0.19088685512542725,"y":0.04915282502770424,"z":-0.009570904076099396,"w":-0.9803343415260315},"size":132.7949676513672,"orthographic":false}